n_features, F1, precision, recall, accuracy,,Best F1:,,,Diffs,Lowest diff:
10,0.892691,0.834468,0.959647,0.838515,,0.952041,2970,,-0.125179,-0.125179
20,0.899538,0.849625,0.955681,0.85059,,,,,-0.106056,
30,0.90831,0.866637,0.954194,0.865163,,Best acc:,,,-0.087557,
40,0.911624,0.873105,0.953698,0.870576,,0.932963,,,-0.080593,
50,0.915796,0.882575,0.951616,0.877516,,,,,-0.069041,
60,0.91705,0.886974,0.949237,0.879806,,,,,-0.062263,
70,0.918226,0.889788,0.948543,0.881749,,,,,-0.058755,
80,0.919707,0.893806,0.947154,0.884247,,,,,-0.053348,
90,0.920826,0.897347,0.945568,0.88619,,,,,-0.048221,
100,0.921886,0.90053,0.944279,0.887994,,,,,-0.043749,
110,0.924308,0.904527,0.944973,0.891672,,,,,-0.040446,
120,0.926571,0.909238,0.944577,0.895212,,,,,-0.035339,
130,0.928408,0.910573,0.946956,0.897779,,,,,-0.036383,
140,0.930325,0.914639,0.94656,0.900763,,,,,-0.031921,
150,0.929854,0.91521,0.944973,0.900208,,,,,-0.029763,
160,0.93041,0.916755,0.944477,0.90111,,,,,-0.027722,
170,0.93151,0.918143,0.945271,0.902706,,,,,-0.027128,
180,0.93306,0.920502,0.945965,0.904997,,,,,-0.025463,
190,0.933562,0.922139,0.945271,0.905829,,,,,-0.023132,
200,0.934555,0.923606,0.945766,0.907287,,,,,-0.02216,
210,0.934857,0.925146,0.944775,0.907842,,,,,-0.019629,
220,0.934662,0.92562,0.943883,0.907634,,,,,-0.018263,
230,0.934414,0.926088,0.942891,0.907356,,,,,-0.016803,
240,0.934231,0.926399,0.942197,0.907148,,,,,-0.015798,
250,0.934558,0.926276,0.94299,0.907564,,,,,-0.016714,
260,0.934834,0.926817,0.94299,0.907981,,,,,-0.016173,
270,0.935444,0.927826,0.943189,0.908883,,,,,-0.015363,
280,0.935681,0.928195,0.943288,0.90923,,,,,-0.015093,
290,0.936319,0.929549,0.943189,0.910201,,,,,-0.01364,
300,0.935933,0.929752,0.942197,0.909715,,,,,-0.012445,
310,0.936795,0.93097,0.942693,0.910965,,,,,-0.011723,
320,0.936743,0.930964,0.942594,0.910895,,,,,-0.01163,
330,0.937435,0.932333,0.942594,0.911936,,,,,-0.010261,
340,0.938101,0.93336,0.942891,0.912908,,,,,-0.009531,
350,0.93825,0.934238,0.942296,0.913185,,,,,-0.008058,
360,0.938441,0.93452,0.942395,0.913463,,,,,-0.007875,
370,0.938778,0.934992,0.942594,0.913949,,,,,-0.007602,
380,0.939271,0.935484,0.943089,0.914643,,,,,-0.007605,
390,0.939183,0.935992,0.942395,0.914573,,,,,-0.006403,
400,0.939769,0.937451,0.942098,0.915475,,,,,-0.004647,
410,0.939733,0.937969,0.941503,0.915475,,,,,-0.003534,
420,0.940175,0.938457,0.9419,0.9161,,,,,-0.003443,
430,0.94021,0.938723,0.941701,0.916169,,,,,-0.002978,
440,0.94046,0.938927,0.941999,0.916516,,,,,-0.003072,
450,0.940629,0.939559,0.941701,0.916794,,,,,-0.002142,
460,0.940798,0.940192,0.941404,0.917071,,,,,-0.001212,
470,0.941037,0.940571,0.941503,0.917418,,,,,-0.000932,
480,0.941083,0.940664,0.941503,0.917488,,,,,-0.000839,
490,0.941322,0.941042,0.941602,0.917835,,,,,-0.00056,
500,0.941439,0.941672,0.941206,0.918043,,,,,0.000466,
510,0.941608,0.94231,0.940908,0.918321,,,,,0.001402,
520,0.941964,0.942525,0.941404,0.918806,,,,,0.001121,
530,0.94211,0.942718,0.941503,0.919015,,,,,0.001215,
540,0.941924,0.943141,0.94071,0.918806,,,,,0.002431,
550,0.9421,0.943693,0.940512,0.919084,,,,,0.003181,
560,0.942129,0.944052,0.940214,0.919153,,,,,0.003838,
570,0.942491,0.944179,0.940809,0.919639,,,,,0.00337,
580,0.942433,0.944262,0.940611,0.91957,,,,,0.003651,
590,0.942678,0.944555,0.940809,0.919917,,,,,0.003746,
600,0.942982,0.944765,0.941206,0.920333,,,,,0.003559,
610,0.942935,0.944671,0.941206,0.920264,,,,,0.003465,
620,0.942894,0.944489,0.941305,0.920194,,,,,0.003184,
630,0.943297,0.944798,0.941801,0.920749,,,,,0.002997,
640,0.943391,0.944986,0.941801,0.920888,,,,,0.003185,
650,0.94363,0.945368,0.9419,0.921235,,,,,0.003468,
660,0.943484,0.945174,0.941801,0.921027,,,,,0.003373,
670,0.943437,0.94508,0.941801,0.920958,,,,,0.003279,
680,0.943672,0.94555,0.941801,0.921305,,,,,0.003749,
690,0.943619,0.945545,0.941701,0.921235,,,,,0.003844,
700,0.94352,0.945445,0.941602,0.921096,,,,,0.003843,
710,0.94352,0.945445,0.941602,0.921096,,,,,0.003843,
720,0.943351,0.945607,0.941106,0.920888,,,,,0.004501,
730,0.943451,0.945706,0.941206,0.921027,,,,,0.0045,
740,0.943608,0.945723,0.941503,0.921235,,,,,0.00422,
750,0.943655,0.945817,0.941503,0.921305,,,,,0.004314,
760,0.94355,0.945806,0.941305,0.921166,,,,,0.004501,
770,0.943865,0.945838,0.9419,0.921582,,,,,0.003938,
780,0.943859,0.945927,0.941801,0.921582,,,,,0.004126,
790,0.944878,0.947374,0.942395,0.92304,,,,,0.004979,
800,0.945135,0.947489,0.942792,0.923387,,,,,0.004697,
810,0.945113,0.947846,0.942395,0.923387,,,,,0.005451,
820,0.945049,0.94802,0.942098,0.923317,,,,,0.005922,
830,0.945196,0.948214,0.942197,0.923525,,,,,0.006017,
840,0.945489,0.948603,0.942395,0.923942,,,,,0.006208,
850,0.945536,0.948697,0.942395,0.924011,,,,,0.006302,
860,0.945876,0.949181,0.942594,0.924497,,,,,0.006587,
870,0.946122,0.949476,0.942792,0.924844,,,,,0.006684,
880,0.946227,0.949486,0.94299,0.924983,,,,,0.006496,
890,0.946515,0.949965,0.943089,0.925399,,,,,0.006876,
900,0.94662,0.949975,0.943288,0.925538,,,,,0.006687,
910,0.946509,0.950055,0.94299,0.925399,,,,,0.007065,
920,0.946855,0.95045,0.943288,0.925885,,,,,0.007162,
930,0.94675,0.95044,0.943089,0.925746,,,,,0.007351,
940,0.946871,0.95018,0.943585,0.925885,,,,,0.006595,
950,0.946955,0.950549,0.943387,0.926024,,,,,0.007162,
960,0.947002,0.950644,0.943387,0.926093,,,,,0.007257,
970,0.947185,0.951115,0.943288,0.926371,,,,,0.007827,
980,0.947237,0.95112,0.943387,0.92644,,,,,0.007733,
990,0.94729,0.951124,0.943486,0.926509,,,,,0.007638,
1000,0.947437,0.951319,0.943585,0.926718,,,,,0.007734,
1010,0.947583,0.951515,0.943684,0.926926,,,,,0.007831,
1020,0.947636,0.951519,0.943783,0.926995,,,,,0.007736,
1030,0.947782,0.951714,0.943883,0.927203,,,,,0.007831,
1040,0.947683,0.951615,0.943783,0.927065,,,,,0.007832,
1050,0.947782,0.951714,0.943883,0.927203,,,,,0.007831,
1060,0.947882,0.951814,0.943982,0.927342,,,,,0.007832,
1070,0.947882,0.951814,0.943982,0.927342,,,,,0.007832,
1080,0.947934,0.951819,0.944081,0.927412,,,,,0.007738,
1090,0.947877,0.951905,0.943883,0.927342,,,,,0.008022,
1100,0.947872,0.951995,0.943783,0.927342,,,,,0.008212,
1110,0.947777,0.951805,0.943783,0.927203,,,,,0.008022,
1120,0.947929,0.95191,0.943982,0.927412,,,,,0.007928,
1130,0.947824,0.9519,0.943783,0.927273,,,,,0.008117,
1140,0.947762,0.952076,0.943486,0.927203,,,,,0.00859,
1150,0.947714,0.951981,0.943486,0.927134,,,,,0.008495,
1160,0.947667,0.951886,0.943486,0.927065,,,,,0.0084,
1170,0.947489,0.952233,0.942792,0.926856,,,,,0.009441,
1180,0.94773,0.952619,0.942891,0.927203,,,,,0.009728,
1190,0.947825,0.95281,0.942891,0.927342,,,,,0.009919,
1200,0.947924,0.952911,0.94299,0.927481,,,,,0.009921,
1210,0.947924,0.952911,0.94299,0.927481,,,,,0.009921,
1220,0.947977,0.952915,0.943089,0.92755,,,,,0.009826,
1230,0.948077,0.953015,0.943189,0.927689,,,,,0.009826,
1240,0.948181,0.953025,0.943387,0.927828,,,,,0.009638,
1250,0.948229,0.95312,0.943387,0.927897,,,,,0.009733,
1260,0.948333,0.95313,0.943585,0.928036,,,,,0.009545,
1270,0.948239,0.952939,0.943585,0.927897,,,,,0.009354,
1280,0.948234,0.95303,0.943486,0.927897,,,,,0.009544,
1290,0.948491,0.953144,0.943883,0.928244,,,,,0.009261,
1300,0.948543,0.953148,0.943982,0.928314,,,,,0.009166,
1310,0.948543,0.953148,0.943982,0.928314,,,,,0.009166,
1320,0.948543,0.953148,0.943982,0.928314,,,,,0.009166,
1330,0.948595,0.953153,0.944081,0.928383,,,,,0.009072,
1340,0.948695,0.953253,0.94418,0.928522,,,,,0.009073,
1350,0.9488,0.953263,0.944378,0.928661,,,,,0.008885,
1360,0.948952,0.953367,0.944577,0.928869,,,,,0.00879,
1370,0.949193,0.953754,0.944676,0.929216,,,,,0.009078,
1380,0.94935,0.953768,0.944973,0.929424,,,,,0.008795,
1390,0.94946,0.953686,0.945271,0.929563,,,,,0.008415,
1400,0.949412,0.953591,0.945271,0.929493,,,,,0.00832,
1410,0.94946,0.953686,0.945271,0.929563,,,,,0.008415,
1420,0.949512,0.953691,0.94537,0.929632,,,,,0.008321,
1430,0.949612,0.953791,0.945469,0.929771,,,,,0.008322,
1440,0.949574,0.953514,0.945667,0.929702,,,,,0.007847,
1450,0.949622,0.953609,0.945667,0.929771,,,,,0.007942,
1460,0.949527,0.953419,0.945667,0.929632,,,,,0.007752,
1470,0.949579,0.953423,0.945766,0.929702,,,,,0.007657,
1480,0.949826,0.953719,0.945965,0.930049,,,,,0.007754,
1490,0.949973,0.953914,0.946064,0.930257,,,,,0.00785,
1500,0.949978,0.953823,0.946163,0.930257,,,,,0.00766,
1510,0.949883,0.953632,0.946163,0.930118,,,,,0.007469,
1520,0.949883,0.953632,0.946163,0.930118,,,,,0.007469,
1530,0.949888,0.953542,0.946262,0.930118,,,,,0.00728,
1540,0.950045,0.953556,0.94656,0.930326,,,,,0.006996,
1550,0.95004,0.953646,0.94646,0.930326,,,,,0.007186,
1560,0.950192,0.953751,0.946659,0.930534,,,,,0.007092,
1570,0.950239,0.953846,0.946659,0.930604,,,,,0.007187,
1580,0.950192,0.953751,0.946659,0.930534,,,,,0.007092,
1590,0.950291,0.953851,0.946758,0.930673,,,,,0.007093,
1600,0.950291,0.953851,0.946758,0.930673,,,,,0.007093,
1610,0.950338,0.953946,0.946758,0.930743,,,,,0.007188,
1620,0.950333,0.954037,0.946659,0.930743,,,,,0.007378,
1630,0.950381,0.954132,0.946659,0.930812,,,,,0.007473,
1640,0.950428,0.954227,0.946659,0.930881,,,,,0.007568,
1650,0.95048,0.954232,0.946758,0.930951,,,,,0.007474,
1660,0.950376,0.954223,0.94656,0.930812,,,,,0.007663,
1670,0.950428,0.954227,0.946659,0.930881,,,,,0.007568,
1680,0.950532,0.954237,0.946857,0.93102,,,,,0.00738,
1690,0.950333,0.954037,0.946659,0.930743,,,,,0.007378,
1700,0.950035,0.953737,0.946361,0.930326,,,,,0.007376,
1710,0.950187,0.953842,0.94656,0.930534,,,,,0.007282,
1720,0.950087,0.953742,0.94646,0.930396,,,,,0.007282,
1730,0.950082,0.953832,0.946361,0.930396,,,,,0.007471,
1740,0.950182,0.953932,0.94646,0.930534,,,,,0.007472,
1750,0.949983,0.953732,0.946262,0.930257,,,,,0.00747,
1760,0.95003,0.953828,0.946262,0.930326,,,,,0.007566,
1770,0.950177,0.954023,0.946361,0.930534,,,,,0.007662,
1780,0.950333,0.954037,0.946659,0.930743,,,,,0.007378,
1790,0.950386,0.954041,0.946758,0.930812,,,,,0.007283,
1800,0.950485,0.954141,0.946857,0.930951,,,,,0.007284,
1810,0.950381,0.954132,0.946659,0.930812,,,,,0.007473,
1820,0.950328,0.954128,0.94656,0.930743,,,,,0.007568,
1830,0.950376,0.954223,0.94656,0.930812,,,,,0.007663,
1840,0.950376,0.954223,0.94656,0.930812,,,,,0.007663,
1850,0.95058,0.954332,0.946857,0.93109,,,,,0.007475,
1860,0.950627,0.954427,0.946857,0.931159,,,,,0.00757,
1870,0.950674,0.954523,0.946857,0.931228,,,,,0.007666,
1880,0.950674,0.954523,0.946857,0.931228,,,,,0.007666,
1890,0.950617,0.954609,0.946659,0.931159,,,,,0.00795,
1900,0.950565,0.954605,0.94656,0.93109,,,,,0.008045,
1910,0.950607,0.954791,0.94646,0.931159,,,,,0.008331,
1920,0.950503,0.954782,0.946262,0.93102,,,,,0.00852,
1930,0.950446,0.954868,0.946064,0.930951,,,,,0.008804,
1940,0.950304,0.954582,0.946064,0.930743,,,,,0.008518,
1950,0.950356,0.954586,0.946163,0.930812,,,,,0.008423,
1960,0.950204,0.954482,0.945965,0.930604,,,,,0.008517,
1970,0.950251,0.954577,0.945965,0.930673,,,,,0.008612,
1980,0.950299,0.954673,0.945965,0.930743,,,,,0.008708,
1990,0.950247,0.954668,0.945866,0.930673,,,,,0.008802,
2000,0.950242,0.954759,0.945766,0.930673,,,,,0.008993,
2010,0.950398,0.954773,0.946064,0.930881,,,,,0.008709,
2020,0.950603,0.954882,0.946361,0.931159,,,,,0.008521,
2030,0.950493,0.954964,0.946064,0.93102,,,,,0.0089,
2040,0.950598,0.954973,0.946262,0.931159,,,,,0.008711,
2050,0.950697,0.955073,0.946361,0.931298,,,,,0.008712,
2060,0.95054,0.95506,0.946064,0.93109,,,,,0.008996,
2070,0.95054,0.95506,0.946064,0.93109,,,,,0.008996,
2080,0.95054,0.95506,0.946064,0.93109,,,,,0.008996,
2090,0.95054,0.95506,0.946064,0.93109,,,,,0.008996,
2100,0.950588,0.955155,0.946064,0.931159,,,,,0.009091,
2110,0.950588,0.955155,0.946064,0.931159,,,,,0.009091,
2120,0.950588,0.955155,0.946064,0.931159,,,,,0.009091,
2130,0.950687,0.955255,0.946163,0.931298,,,,,0.009092,
2140,0.950687,0.955255,0.946163,0.931298,,,,,0.009092,
2150,0.950687,0.955255,0.946163,0.931298,,,,,0.009092,
2160,0.95063,0.955342,0.945965,0.931228,,,,,0.009377,
2170,0.950625,0.955433,0.945866,0.931228,,,,,0.009567,
2180,0.950625,0.955433,0.945866,0.931228,,,,,0.009567,
2190,0.95062,0.955524,0.945766,0.931228,,,,,0.009758,
2200,0.950615,0.955616,0.945667,0.931228,,,,,0.009949,
2210,0.950511,0.955607,0.945469,0.93109,,,,,0.010138,
2220,0.950459,0.955602,0.94537,0.93102,,,,,0.010232,
2230,0.950406,0.955598,0.945271,0.930951,,,,,0.010327,
2240,0.950406,0.955598,0.945271,0.930951,,,,,0.010327,
2250,0.950459,0.955602,0.94537,0.93102,,,,,0.010232,
2260,0.950459,0.955602,0.94537,0.93102,,,,,0.010232,
2270,0.950459,0.955602,0.94537,0.93102,,,,,0.010232,
2280,0.950506,0.955698,0.94537,0.93109,,,,,0.010328,
2290,0.950454,0.955694,0.945271,0.93102,,,,,0.010423,
2300,0.950506,0.955698,0.94537,0.93109,,,,,0.010328,
2310,0.950411,0.955507,0.94537,0.930951,,,,,0.010137,
2320,0.950463,0.955511,0.945469,0.93102,,,,,0.010042,
2330,0.950459,0.955602,0.94537,0.93102,,,,,0.010232,
2340,0.950658,0.955803,0.945568,0.931298,,,,,0.010235,
2350,0.950449,0.955785,0.945172,0.93102,,,,,0.010613,
2360,0.950538,0.956068,0.945072,0.931159,,,,,0.010996,
2370,0.950496,0.955881,0.945172,0.93109,,,,,0.010709,
2380,0.950354,0.955593,0.945172,0.930881,,,,,0.010421,
2390,0.950359,0.955502,0.945271,0.930881,,,,,0.010231,
2400,0.950359,0.955502,0.945271,0.930881,,,,,0.010231,
2410,0.950364,0.955411,0.94537,0.930881,,,,,0.010041,
2420,0.950364,0.955411,0.94537,0.930881,,,,,0.010041,
2430,0.950364,0.955411,0.94537,0.930881,,,,,0.010041,
2440,0.950416,0.955415,0.945469,0.930951,,,,,0.009946,
2450,0.950468,0.95542,0.945568,0.93102,,,,,0.009852,
2460,0.950426,0.955233,0.945667,0.930951,,,,,0.009566,
2470,0.950478,0.955237,0.945766,0.93102,,,,,0.009471,
2480,0.950635,0.955251,0.946064,0.931228,,,,,0.009187,
2490,0.950687,0.955255,0.946163,0.931298,,,,,0.009092,
2500,0.950692,0.955164,0.946262,0.931298,,,,,0.008902,
2510,0.950692,0.955164,0.946262,0.931298,,,,,0.008902,
2520,0.950598,0.954973,0.946262,0.931159,,,,,0.008711,
2530,0.950603,0.954882,0.946361,0.931159,,,,,0.008521,
2540,0.950607,0.954791,0.94646,0.931159,,,,,0.008331,
2550,0.950607,0.954791,0.94646,0.931159,,,,,0.008331,
2560,0.95066,0.954795,0.94656,0.931228,,,,,0.008235,
2570,0.950712,0.9548,0.946659,0.931298,,,,,0.008141,
2580,0.950665,0.954705,0.946659,0.931228,,,,,0.008046,
2590,0.95057,0.954514,0.946659,0.93109,,,,,0.007855,
2600,0.950523,0.954418,0.946659,0.93102,,,,,0.007759,
2610,0.950575,0.954423,0.946758,0.93109,,,,,0.007665,
2620,0.950627,0.954427,0.946857,0.931159,,,,,0.00757,
2630,0.95058,0.954332,0.946857,0.93109,,,,,0.007475,
2640,0.950485,0.954141,0.946857,0.930951,,,,,0.007284,
2650,0.95059,0.95415,0.947055,0.93109,,,,,0.007095,
2660,0.950694,0.95416,0.947254,0.931228,,,,,0.006906,
2670,0.950798,0.954169,0.947452,0.931367,,,,,0.006717,
2680,0.950856,0.954083,0.94765,0.931437,,,,,0.006433,
2690,0.950908,0.954087,0.947749,0.931506,,,,,0.006338,
2700,0.950908,0.954087,0.947749,0.931506,,,,,0.006338,
2710,0.95086,0.953992,0.947749,0.931437,,,,,0.006243,
2720,0.950965,0.954001,0.947948,0.931575,,,,,0.006053,
2730,0.951017,0.954006,0.948047,0.931645,,,,,0.005959,
2740,0.951074,0.95392,0.948245,0.931714,,,,,0.005675,
2750,0.951126,0.953924,0.948344,0.931783,,,,,0.00558,
2760,0.951131,0.953834,0.948443,0.931783,,,,,0.005391,
2770,0.951235,0.953843,0.948642,0.931922,,,,,0.005201,
2780,0.95124,0.953753,0.948741,0.931922,,,,,0.005012,
2790,0.951193,0.953658,0.948741,0.931853,,,,,0.004917,
2800,0.951193,0.953658,0.948741,0.931853,,,,,0.004917,
2810,0.951297,0.953667,0.948939,0.931992,,,,,0.004728,
2820,0.951297,0.953667,0.948939,0.931992,,,,,0.004728,
2830,0.951349,0.953671,0.949038,0.932061,,,,,0.004633,
2840,0.951401,0.953676,0.949137,0.93213,,,,,0.004539,
2850,0.951453,0.953681,0.949237,0.9322,,,,,0.004444,
2860,0.951406,0.953586,0.949237,0.93213,,,,,0.004349,
2870,0.95151,0.953595,0.949435,0.932269,,,,,0.00416,
2880,0.951615,0.953604,0.949633,0.932408,,,,,0.003971,
2890,0.951667,0.953609,0.949732,0.932477,,,,,0.003877,
2900,0.951667,0.953609,0.949732,0.932477,,,,,0.003877,
2910,0.951719,0.953613,0.949831,0.932547,,,,,0.003782,
2920,0.951723,0.953523,0.949931,0.932547,,,,,0.003592,
2930,0.951728,0.953433,0.95003,0.932547,,,,,0.003403,
2940,0.951832,0.953442,0.950228,0.932686,,,,,0.003214,
2950,0.951832,0.953442,0.950228,0.932686,,,,,0.003214,
2960,0.951884,0.953447,0.950327,0.932755,,,,,0.00312,
2970,0.952041,0.953461,0.950625,0.932963,,,,,0.002836,
2980,0.951993,0.953366,0.950625,0.932894,,,,,0.002741,
2990,0.951899,0.953176,0.950625,0.932755,,,,,0.002551,
3000,0.951899,0.953176,0.950625,0.932755,,,,,0.002551,
3010,0.951899,0.953176,0.950625,0.932755,,,,,0.002551,
3020,0.951899,0.953176,0.950625,0.932755,,,,,0.002551,
3030,0.951899,0.953176,0.950625,0.932755,,,,,0.002551,
3040,0.951899,0.953176,0.950625,0.932755,,,,,0.002551,
3050,0.951899,0.953176,0.950625,0.932755,,,,,0.002551,
3060,0.951856,0.952991,0.950724,0.932686,,,,,0.002267,
3070,0.951856,0.952991,0.950724,0.932686,,,,,0.002267,
3080,0.951861,0.952901,0.950823,0.932686,,,,,0.002078,
3090,0.951767,0.952712,0.950823,0.932547,,,,,0.001889,
3100,0.951719,0.952617,0.950823,0.932477,,,,,0.001794,
3110,0.951672,0.952523,0.950823,0.932408,,,,,0.0017,
3120,0.951625,0.952428,0.950823,0.932339,,,,,0.001605,
3130,0.951677,0.952433,0.950922,0.932408,,,,,0.001511,
3140,0.951677,0.952433,0.950922,0.932408,,,,,0.001511,
3150,0.95163,0.952338,0.950922,0.932339,,,,,0.001416,
3160,0.951635,0.952249,0.951021,0.932339,,,,,0.001228,
3170,0.95154,0.95206,0.951021,0.9322,,,,,0.001039,
3180,0.951493,0.951965,0.951021,0.93213,,,,,0.000944,
3190,0.951498,0.951875,0.95112,0.93213,,,,,0.000755,
3200,0.95155,0.95188,0.95122,0.9322,,,,,0.00066,
3210,0.951602,0.951885,0.951319,0.932269,,,,,0.000566,
3220,0.951607,0.951795,0.951418,0.932269,,,,,0.000377,
3230,0.951559,0.951701,0.951418,0.9322,,,,,0.000283,
3240,0.951611,0.951706,0.951517,0.932269,,,,,0.000189,
3250,0.951715,0.951715,0.951715,0.932408,,,,,0,
3260,0.951715,0.951715,0.951715,0.932408,,,,,0,
3270,0.95172,0.951626,0.951814,0.932408,,,,,-0.000188,
3280,0.951772,0.95163,0.951914,0.932477,,,,,-0.000284,
3290,0.951772,0.95163,0.951914,0.932477,,,,,-0.000284,
3300,0.951772,0.95163,0.951914,0.932477,,,,,-0.000284,
3310,0.951824,0.951635,0.952013,0.932547,,,,,-0.000378,
3320,0.95173,0.951447,0.952013,0.932408,,,,,-0.000566,
3330,0.951734,0.951357,0.952112,0.932408,,,,,-0.000755,
3340,0.951786,0.951362,0.952211,0.932477,,,,,-0.000849,
3350,0.951692,0.951174,0.952211,0.932339,,,,,-0.001037,
3360,0.951692,0.951174,0.952211,0.932339,,,,,-0.001037,
3370,0.951692,0.951174,0.952211,0.932339,,,,,-0.001037,
3380,0.951692,0.951174,0.952211,0.932339,,,,,-0.001037,
3390,0.951692,0.951174,0.952211,0.932339,,,,,-0.001037,
3400,0.951645,0.951079,0.952211,0.932269,,,,,-0.001132,
3410,0.951598,0.950985,0.952211,0.9322,,,,,-0.001226,
3420,0.951551,0.950891,0.952211,0.93213,,,,,-0.00132,
3430,0.951551,0.950891,0.952211,0.93213,,,,,-0.00132,
3440,0.951551,0.950891,0.952211,0.93213,,,,,-0.00132,
3450,0.951603,0.950896,0.95231,0.9322,,,,,-0.001414,
3460,0.951607,0.950807,0.952409,0.9322,,,,,-0.001602,
3470,0.951607,0.950807,0.952409,0.9322,,,,,-0.001602,
3480,0.951607,0.950807,0.952409,0.9322,,,,,-0.001602,
3490,0.951659,0.950812,0.952508,0.932269,,,,,-0.001696,
3500,0.951711,0.950816,0.952608,0.932339,,,,,-0.001792,
3510,0.951763,0.950821,0.952707,0.932408,,,,,-0.001886,
3520,0.951763,0.950821,0.952707,0.932408,,,,,-0.001886,
3530,0.951721,0.950638,0.952806,0.932339,,,,,-0.002168,
3540,0.951773,0.950643,0.952905,0.932408,,,,,-0.002262,
3550,0.951726,0.950549,0.952905,0.932339,,,,,-0.002356,
3560,0.951777,0.950554,0.953004,0.932408,,,,,-0.00245,
3570,0.951777,0.950554,0.953004,0.932408,,,,,-0.00245,
3580,0.951777,0.950554,0.953004,0.932408,,,,,-0.00245,
3590,0.95173,0.95046,0.953004,0.932339,,,,,-0.002544,
3600,0.951683,0.950366,0.953004,0.932269,,,,,-0.002638,
3610,0.951735,0.950371,0.953103,0.932339,,,,,-0.002732,
3620,0.951688,0.950277,0.953103,0.932269,,,,,-0.002826,
3630,0.951594,0.950089,0.953103,0.93213,,,,,-0.003014,
3640,0.951698,0.950099,0.953302,0.932269,,,,,-0.003203,
3650,0.951698,0.950099,0.953302,0.932269,,,,,-0.003203,
3660,0.951707,0.949921,0.9535,0.932269,,,,,-0.003579,
3670,0.951759,0.949926,0.953599,0.932339,,,,,-0.003673,
3680,0.951712,0.949832,0.953599,0.932269,,,,,-0.003767,
3690,0.951712,0.949832,0.953599,0.932269,,,,,-0.003767,
3700,0.951816,0.949842,0.953797,0.932408,,,,,-0.003955,
3710,0.951768,0.949748,0.953797,0.932339,,,,,-0.004049,
3720,0.951768,0.949748,0.953797,0.932339,,,,,-0.004049,
3730,0.951721,0.949654,0.953797,0.932269,,,,,-0.004143,
3740,0.951627,0.949467,0.953797,0.93213,,,,,-0.00433,
3750,0.951627,0.949467,0.953797,0.93213,,,,,-0.00433,
3760,0.951533,0.94928,0.953797,0.931992,,,,,-0.004517,
3770,0.951533,0.94928,0.953797,0.931992,,,,,-0.004517,
3780,0.951439,0.949092,0.953797,0.931853,,,,,-0.004705,
3790,0.951496,0.949009,0.953996,0.931922,,,,,-0.004987,
3800,0.951496,0.949009,0.953996,0.931922,,,,,-0.004987,
3810,0.951552,0.948925,0.954194,0.931992,,,,,-0.005269,
3820,0.951505,0.948832,0.954194,0.931922,,,,,-0.005362,
3830,0.951458,0.948738,0.954194,0.931853,,,,,-0.005456,
3840,0.951562,0.948748,0.954392,0.931992,,,,,-0.005644,
3850,0.951562,0.948748,0.954392,0.931992,,,,,-0.005644,
3860,0.951562,0.948748,0.954392,0.931992,,,,,-0.005644,
3870,0.951614,0.948753,0.954491,0.932061,,,,,-0.005738,
3880,0.951618,0.948665,0.954591,0.932061,,,,,-0.005926,
3890,0.951571,0.948571,0.954591,0.931992,,,,,-0.00602,
3900,0.951571,0.948571,0.954591,0.931992,,,,,-0.00602,
3910,0.951571,0.948571,0.954591,0.931992,,,,,-0.00602,
3920,0.951675,0.948582,0.954789,0.93213,,,,,-0.006207,
3930,0.951675,0.948582,0.954789,0.93213,,,,,-0.006207,
3940,0.951779,0.948592,0.954987,0.932269,,,,,-0.006395,
3950,0.951882,0.948602,0.955185,0.932408,,,,,-0.006583,
3960,0.951788,0.948415,0.955185,0.932269,,,,,-0.00677,
3970,0.951835,0.948508,0.955185,0.932339,,,,,-0.006677,
3980,0.951835,0.948508,0.955185,0.932339,,,,,-0.006677,
3990,0.951835,0.948508,0.955185,0.932339,,,,,-0.006677,
4000,0.951835,0.948508,0.955185,0.932339,,,,,-0.006677,
4010,0.951783,0.948503,0.955086,0.932269,,,,,-0.006583,
4020,0.95183,0.948597,0.955086,0.932339,,,,,-0.006489,
4030,0.95183,0.948597,0.955086,0.932339,,,,,-0.006489,
4040,0.95183,0.948597,0.955086,0.932339,,,,,-0.006489,
4050,0.95183,0.948597,0.955086,0.932339,,,,,-0.006489,
4060,0.951727,0.948587,0.954888,0.9322,,,,,-0.006301,
4070,0.951727,0.948587,0.954888,0.9322,,,,,-0.006301,
4080,0.951727,0.948587,0.954888,0.9322,,,,,-0.006301,
4090,0.951727,0.948587,0.954888,0.9322,,,,,-0.006301,
4100,0.951727,0.948587,0.954888,0.9322,,,,,-0.006301,
4110,0.951727,0.948587,0.954888,0.9322,,,,,-0.006301,
4120,0.951727,0.948587,0.954888,0.9322,,,,,-0.006301,
4130,0.951727,0.948587,0.954888,0.9322,,,,,-0.006301,
4140,0.95167,0.94867,0.95469,0.93213,,,,,-0.00602,
4150,0.951717,0.948763,0.95469,0.9322,,,,,-0.005927,
4160,0.951717,0.948763,0.95469,0.9322,,,,,-0.005927,
4170,0.951717,0.948763,0.95469,0.9322,,,,,-0.005927,
4180,0.951717,0.948763,0.95469,0.9322,,,,,-0.005927,
4190,0.951717,0.948763,0.95469,0.9322,,,,,-0.005927,
4200,0.951661,0.948847,0.954491,0.93213,,,,,-0.005644,
4210,0.951661,0.948847,0.954491,0.93213,,,,,-0.005644,
4220,0.951661,0.948847,0.954491,0.93213,,,,,-0.005644,
4230,0.951661,0.948847,0.954491,0.93213,,,,,-0.005644,
4240,0.951661,0.948847,0.954491,0.93213,,,,,-0.005644,
4250,0.951708,0.94894,0.954491,0.9322,,,,,-0.005551,
4260,0.951656,0.948935,0.954392,0.93213,,,,,-0.005457,
4270,0.951656,0.948935,0.954392,0.93213,,,,,-0.005457,
4280,0.951656,0.948935,0.954392,0.93213,,,,,-0.005457,
4290,0.951656,0.948935,0.954392,0.93213,,,,,-0.005457,
4300,0.951703,0.949029,0.954392,0.9322,,,,,-0.005363,
4310,0.951703,0.949029,0.954392,0.9322,,,,,-0.005363,
4320,0.951703,0.949029,0.954392,0.9322,,,,,-0.005363,
4330,0.95175,0.949122,0.954392,0.932269,,,,,-0.00527,
4340,0.951849,0.949221,0.954491,0.932408,,,,,-0.00527,
4350,0.951849,0.949221,0.954491,0.932408,,,,,-0.00527,
4360,0.951849,0.949221,0.954491,0.932408,,,,,-0.00527,
4370,0.951849,0.949221,0.954491,0.932408,,,,,-0.00527,
4380,0.951943,0.949408,0.954491,0.932547,,,,,-0.005083,
4390,0.951943,0.949408,0.954491,0.932547,,,,,-0.005083,
4400,0.951943,0.949408,0.954491,0.932547,,,,,-0.005083,
4410,0.95199,0.949502,0.954491,0.932616,,,,,-0.004989,
4420,0.951835,0.949487,0.954194,0.932408,,,,,-0.004707,
4430,0.951689,0.949295,0.954095,0.9322,,,,,-0.0048,
4440,0.951783,0.949482,0.954095,0.932339,,,,,-0.004613,
4450,0.951886,0.949492,0.954293,0.932477,,,,,-0.004801,
4460,0.951844,0.94931,0.954392,0.932408,,,,,-0.005082,
4470,0.951891,0.949403,0.954392,0.932477,,,,,-0.004989,
4480,0.952037,0.949596,0.954491,0.932686,,,,,-0.004895,
4490,0.95199,0.949502,0.954491,0.932616,,,,,-0.004989,
4500,0.951731,0.949477,0.953996,0.932269,,,,,-0.004519,
4510,0.951726,0.949566,0.953896,0.932269,,,,,-0.00433,
4520,0.951778,0.949571,0.953996,0.932339,,,,,-0.004425,
4530,0.951736,0.949388,0.954095,0.932269,,,,,-0.004707,
4540,0.951788,0.949393,0.954194,0.932339,,,,,-0.004801,
4550,0.951642,0.949201,0.954095,0.93213,,,,,-0.004894,
4560,0.951646,0.949112,0.954194,0.93213,,,,,-0.005082,
4570,0.951543,0.949102,0.953996,0.931992,,,,,-0.004894,
4580,0.951642,0.949201,0.954095,0.93213,,,,,-0.004894,
4590,0.95159,0.949196,0.953996,0.932061,,,,,-0.0048,
4600,0.95159,0.949196,0.953996,0.932061,,,,,-0.0048,
4610,0.951595,0.949107,0.954095,0.932061,,,,,-0.004988,
4620,0.951651,0.949024,0.954293,0.93213,,,,,-0.005269,
4630,0.951599,0.949019,0.954194,0.932061,,,,,-0.005175,
4640,0.951599,0.949019,0.954194,0.932061,,,,,-0.005175,
4650,0.951599,0.949019,0.954194,0.932061,,,,,-0.005175,
4660,0.951599,0.949019,0.954194,0.932061,,,,,-0.005175,
4670,0.951599,0.949019,0.954194,0.932061,,,,,-0.005175,
4680,0.951548,0.949014,0.954095,0.931992,,,,,-0.005081,
4690,0.951548,0.949014,0.954095,0.931992,,,,,-0.005081,
4700,0.951496,0.949009,0.953996,0.931922,,,,,-0.004987,
4710,0.951496,0.949009,0.953996,0.931922,,,,,-0.004987,
4720,0.951444,0.949004,0.953896,0.931853,,,,,-0.004892,
4730,0.951444,0.949004,0.953896,0.931853,,,,,-0.004892,
4740,0.951444,0.949004,0.953896,0.931853,,,,,-0.004892,
4750,0.951444,0.949004,0.953896,0.931853,,,,,-0.004892,
4760,0.951444,0.949004,0.953896,0.931853,,,,,-0.004892,
4770,0.951444,0.949004,0.953896,0.931853,,,,,-0.004892,
4780,0.951444,0.949004,0.953896,0.931853,,,,,-0.004892,
4790,0.951444,0.949004,0.953896,0.931853,,,,,-0.004892,
4800,0.951444,0.949004,0.953896,0.931853,,,,,-0.004892,
4810,0.951444,0.949004,0.953896,0.931853,,,,,-0.004892,
4820,0.951444,0.949004,0.953896,0.931853,,,,,-0.004892,
4830,0.951444,0.949004,0.953896,0.931853,,,,,-0.004892,
4840,0.95134,0.948994,0.953698,0.931714,,,,,-0.004704,
4850,0.95134,0.948994,0.953698,0.931714,,,,,-0.004704,
4860,0.95134,0.948994,0.953698,0.931714,,,,,-0.004704,
4870,0.951288,0.948989,0.953599,0.931645,,,,,-0.00461,
4880,0.951335,0.949082,0.953599,0.931714,,,,,-0.004517,
4890,0.951335,0.949082,0.953599,0.931714,,,,,-0.004517,
4900,0.951232,0.949072,0.953401,0.931575,,,,,-0.004329,
4910,0.951232,0.949072,0.953401,0.931575,,,,,-0.004329,
4920,0.951279,0.949166,0.953401,0.931645,,,,,-0.004235,
4930,0.951279,0.949166,0.953401,0.931645,,,,,-0.004235,
4940,0.951326,0.94926,0.953401,0.931714,,,,,-0.004141,
4950,0.951373,0.949353,0.953401,0.931783,,,,,-0.004048,
4960,0.951373,0.949353,0.953401,0.931783,,,,,-0.004048,
4970,0.951373,0.949353,0.953401,0.931783,,,,,-0.004048,
4980,0.951373,0.949353,0.953401,0.931783,,,,,-0.004048,
4990,0.951373,0.949353,0.953401,0.931783,,,,,-0.004048,
5000,0.951373,0.949353,0.953401,0.931783,,,,,-0.004048,
5010,0.951373,0.949353,0.953401,0.931783,,,,,-0.004048,
5020,0.951373,0.949353,0.953401,0.931783,,,,,-0.004048,
5030,0.951321,0.949348,0.953302,0.931714,,,,,-0.003954,
5040,0.951321,0.949348,0.953302,0.931714,,,,,-0.003954,
5050,0.951321,0.949348,0.953302,0.931714,,,,,-0.003954,
5060,0.951321,0.949348,0.953302,0.931714,,,,,-0.003954,
5070,0.951321,0.949348,0.953302,0.931714,,,,,-0.003954,
5080,0.951321,0.949348,0.953302,0.931714,,,,,-0.003954,
5090,0.951321,0.949348,0.953302,0.931714,,,,,-0.003954,
5100,0.951321,0.949348,0.953302,0.931714,,,,,-0.003954,
5110,0.951321,0.949348,0.953302,0.931714,,,,,-0.003954,
5120,0.951269,0.949343,0.953202,0.931645,,,,,-0.003859,
5130,0.951269,0.949343,0.953202,0.931645,,,,,-0.003859,
5140,0.951316,0.949437,0.953202,0.931714,,,,,-0.003765,
5150,0.951316,0.949437,0.953202,0.931714,,,,,-0.003765,
5160,0.951316,0.949437,0.953202,0.931714,,,,,-0.003765,
5170,0.951316,0.949437,0.953202,0.931714,,,,,-0.003765,
5180,0.951363,0.949531,0.953202,0.931783,,,,,-0.003671,
5190,0.951363,0.949531,0.953202,0.931783,,,,,-0.003671,
5200,0.951311,0.949526,0.953103,0.931714,,,,,-0.003577,
5210,0.951311,0.949526,0.953103,0.931714,,,,,-0.003577,
5220,0.951311,0.949526,0.953103,0.931714,,,,,-0.003577,
5230,0.951311,0.949526,0.953103,0.931714,,,,,-0.003577,
5240,0.951311,0.949526,0.953103,0.931714,,,,,-0.003577,
5250,0.951311,0.949526,0.953103,0.931714,,,,,-0.003577,
5260,0.951311,0.949526,0.953103,0.931714,,,,,-0.003577,
5270,0.951311,0.949526,0.953103,0.931714,,,,,-0.003577,
5280,0.951311,0.949526,0.953103,0.931714,,,,,-0.003577,
5290,0.951311,0.949526,0.953103,0.931714,,,,,-0.003577,
5300,0.951311,0.949526,0.953103,0.931714,,,,,-0.003577,
5310,0.951311,0.949526,0.953103,0.931714,,,,,-0.003577,
5320,0.951311,0.949526,0.953103,0.931714,,,,,-0.003577,
5330,0.951358,0.94962,0.953103,0.931783,,,,,-0.003483,
5340,0.951358,0.94962,0.953103,0.931783,,,,,-0.003483,
5350,0.951358,0.94962,0.953103,0.931783,,,,,-0.003483,
5360,0.951306,0.949615,0.953004,0.931714,,,,,-0.003389,
5370,0.951306,0.949615,0.953004,0.931714,,,,,-0.003389,
5380,0.951306,0.949615,0.953004,0.931714,,,,,-0.003389,
5390,0.951306,0.949615,0.953004,0.931714,,,,,-0.003389,
5400,0.951306,0.949615,0.953004,0.931714,,,,,-0.003389,
5410,0.951306,0.949615,0.953004,0.931714,,,,,-0.003389,
5420,0.951306,0.949615,0.953004,0.931714,,,,,-0.003389,
5430,0.951306,0.949615,0.953004,0.931714,,,,,-0.003389,
5440,0.951306,0.949615,0.953004,0.931714,,,,,-0.003389,
5450,0.951306,0.949615,0.953004,0.931714,,,,,-0.003389,
5460,0.951306,0.949615,0.953004,0.931714,,,,,-0.003389,
5470,0.951353,0.949709,0.953004,0.931783,,,,,-0.003295,
5480,0.951353,0.949709,0.953004,0.931783,,,,,-0.003295,
5490,0.951353,0.949709,0.953004,0.931783,,,,,-0.003295,
5500,0.951353,0.949709,0.953004,0.931783,,,,,-0.003295,
5510,0.951302,0.949704,0.952905,0.931714,,,,,-0.003201,
5520,0.951349,0.949797,0.952905,0.931783,,,,,-0.003108,
5530,0.951349,0.949797,0.952905,0.931783,,,,,-0.003108,
5540,0.951349,0.949797,0.952905,0.931783,,,,,-0.003108,
5550,0.951349,0.949797,0.952905,0.931783,,,,,-0.003108,
5560,0.951297,0.949792,0.952806,0.931714,,,,,-0.003014,
5570,0.951193,0.949783,0.952608,0.931575,,,,,-0.002825,
5580,0.95124,0.949876,0.952608,0.931645,,,,,-0.002732,
5590,0.95124,0.949876,0.952608,0.931645,,,,,-0.002732,
5600,0.95124,0.949876,0.952608,0.931645,,,,,-0.002732,
5610,0.95124,0.949876,0.952608,0.931645,,,,,-0.002732,
5620,0.95124,0.949876,0.952608,0.931645,,,,,-0.002732,
5630,0.95124,0.949876,0.952608,0.931645,,,,,-0.002732,
5640,0.951287,0.94997,0.952608,0.931714,,,,,-0.002638,
5650,0.951287,0.94997,0.952608,0.931714,,,,,-0.002638,
5660,0.951287,0.94997,0.952608,0.931714,,,,,-0.002638,
5670,0.951287,0.94997,0.952608,0.931714,,,,,-0.002638,
5680,0.951287,0.94997,0.952608,0.931714,,,,,-0.002638,
5690,0.951287,0.94997,0.952608,0.931714,,,,,-0.002638,
5700,0.951386,0.950069,0.952707,0.931853,,,,,-0.002638,
5710,0.951183,0.94996,0.952409,0.931575,,,,,-0.002449,
5720,0.951273,0.950237,0.95231,0.931714,,,,,-0.002073,
5730,0.951325,0.950242,0.952409,0.931783,,,,,-0.002167,
5740,0.951377,0.950247,0.952508,0.931853,,,,,-0.002261,
5750,0.951282,0.950059,0.952508,0.931714,,,,,-0.002449,
5760,0.951136,0.949867,0.952409,0.931506,,,,,-0.002542,
5770,0.951131,0.949955,0.95231,0.931506,,,,,-0.002355,
5780,0.951023,0.950035,0.952013,0.931367,,,,,-0.001978,
5790,0.95098,0.949852,0.952112,0.931298,,,,,-0.00226,
5800,0.951084,0.949862,0.95231,0.931437,,,,,-0.002448,
5810,0.951037,0.949768,0.95231,0.931367,,,,,-0.002542,
5820,0.951037,0.949768,0.95231,0.931367,,,,,-0.002542,
5830,0.95098,0.949852,0.952112,0.931298,,,,,-0.00226,
5840,0.951079,0.949951,0.952211,0.931437,,,,,-0.00226,
5850,0.951079,0.949951,0.952211,0.931437,,,,,-0.00226,
5860,0.951032,0.949857,0.952211,0.931367,,,,,-0.002354,
5870,0.950985,0.949763,0.952211,0.931298,,,,,-0.002448,
5880,0.950985,0.949763,0.952211,0.931298,,,,,-0.002448,
5890,0.950881,0.949753,0.952013,0.931159,,,,,-0.00226,
5900,0.950631,0.94955,0.951715,0.930812,,,,,-0.002165,
5910,0.950537,0.949362,0.951715,0.930673,,,,,-0.002353,
5920,0.95049,0.949268,0.951715,0.930604,,,,,-0.002447,
5930,0.950485,0.949357,0.951616,0.930604,,,,,-0.002259,
5940,0.950542,0.949273,0.951814,0.930673,,,,,-0.002541,
5950,0.950542,0.949273,0.951814,0.930673,,,,,-0.002541,
5960,0.950542,0.949273,0.951814,0.930673,,,,,-0.002541,
5970,0.950542,0.949273,0.951814,0.930673,,,,,-0.002541,
5980,0.950542,0.949273,0.951814,0.930673,,,,,-0.002541,
5990,0.950542,0.949273,0.951814,0.930673,,,,,-0.002541,
6000,0.950542,0.949273,0.951814,0.930673,,,,,-0.002541,
6010,0.950495,0.949179,0.951814,0.930604,,,,,-0.002635,
6020,0.950495,0.949179,0.951814,0.930604,,,,,-0.002635,
6030,0.950495,0.949179,0.951814,0.930604,,,,,-0.002635,
6040,0.950495,0.949179,0.951814,0.930604,,,,,-0.002635,
6050,0.950495,0.949179,0.951814,0.930604,,,,,-0.002635,
6060,0.950495,0.949179,0.951814,0.930604,,,,,-0.002635,
6070,0.950495,0.949179,0.951814,0.930604,,,,,-0.002635,
6080,0.950495,0.949179,0.951814,0.930604,,,,,-0.002635,
6090,0.950495,0.949179,0.951814,0.930604,,,,,-0.002635,
6100,0.950495,0.949179,0.951814,0.930604,,,,,-0.002635,
6110,0.950495,0.949179,0.951814,0.930604,,,,,-0.002635,
6120,0.950495,0.949179,0.951814,0.930604,,,,,-0.002635,
6130,0.950495,0.949179,0.951814,0.930604,,,,,-0.002635,
6140,0.950495,0.949179,0.951814,0.930604,,,,,-0.002635,
6150,0.950495,0.949179,0.951814,0.930604,,,,,-0.002635,
6160,0.950495,0.949179,0.951814,0.930604,,,,,-0.002635,
6170,0.950495,0.949179,0.951814,0.930604,,,,,-0.002635,
6180,0.950495,0.949179,0.951814,0.930604,,,,,-0.002635,
6190,0.950495,0.949179,0.951814,0.930604,,,,,-0.002635,
6200,0.950495,0.949179,0.951814,0.930604,,,,,-0.002635,
6210,0.950495,0.949179,0.951814,0.930604,,,,,-0.002635,
6220,0.950495,0.949179,0.951814,0.930604,,,,,-0.002635,
6230,0.950495,0.949179,0.951814,0.930604,,,,,-0.002635,
6240,0.950495,0.949179,0.951814,0.930604,,,,,-0.002635,
6250,0.950495,0.949179,0.951814,0.930604,,,,,-0.002635,
6260,0.950495,0.949179,0.951814,0.930604,,,,,-0.002635,
6270,0.950495,0.949179,0.951814,0.930604,,,,,-0.002635,
6280,0.950495,0.949179,0.951814,0.930604,,,,,-0.002635,
6290,0.950448,0.949086,0.951814,0.930534,,,,,-0.002728,
6300,0.950448,0.949086,0.951814,0.930534,,,,,-0.002728,
6310,0.950448,0.949086,0.951814,0.930534,,,,,-0.002728,
6320,0.950448,0.949086,0.951814,0.930534,,,,,-0.002728,
6330,0.950448,0.949086,0.951814,0.930534,,,,,-0.002728,
6340,0.950448,0.949086,0.951814,0.930534,,,,,-0.002728,
6350,0.950448,0.949086,0.951814,0.930534,,,,,-0.002728,
6360,0.950448,0.949086,0.951814,0.930534,,,,,-0.002728,
6370,0.950448,0.949086,0.951814,0.930534,,,,,-0.002728,
6380,0.950401,0.948992,0.951814,0.930465,,,,,-0.002822,
6390,0.950401,0.948992,0.951814,0.930465,,,,,-0.002822,
6400,0.950354,0.948898,0.951814,0.930396,,,,,-0.002916,
6410,0.950307,0.948804,0.951814,0.930326,,,,,-0.00301,
6420,0.950307,0.948804,0.951814,0.930326,,,,,-0.00301,
6430,0.950307,0.948804,0.951814,0.930326,,,,,-0.00301,
6440,0.950359,0.948809,0.951914,0.930396,,,,,-0.003105,
6450,0.950359,0.948809,0.951914,0.930396,,,,,-0.003105,
6460,0.950359,0.948809,0.951914,0.930396,,,,,-0.003105,
6470,0.950359,0.948809,0.951914,0.930396,,,,,-0.003105,
6480,0.950359,0.948809,0.951914,0.930396,,,,,-0.003105,
6490,0.950359,0.948809,0.951914,0.930396,,,,,-0.003105,
6500,0.950359,0.948809,0.951914,0.930396,,,,,-0.003105,
6510,0.950312,0.948715,0.951914,0.930326,,,,,-0.003199,
6520,0.950364,0.94872,0.952013,0.930396,,,,,-0.003293,
6530,0.950416,0.948726,0.952112,0.930465,,,,,-0.003386,
6540,0.950416,0.948726,0.952112,0.930465,,,,,-0.003386,
6550,0.950416,0.948726,0.952112,0.930465,,,,,-0.003386,
6560,0.950416,0.948726,0.952112,0.930465,,,,,-0.003386,
6570,0.950416,0.948726,0.952112,0.930465,,,,,-0.003386,
6580,0.950416,0.948726,0.952112,0.930465,,,,,-0.003386,
6590,0.950416,0.948726,0.952112,0.930465,,,,,-0.003386,
6600,0.950416,0.948726,0.952112,0.930465,,,,,-0.003386,
6610,0.950416,0.948726,0.952112,0.930465,,,,,-0.003386,
6620,0.950416,0.948726,0.952112,0.930465,,,,,-0.003386,
6630,0.950416,0.948726,0.952112,0.930465,,,,,-0.003386,
6640,0.950416,0.948726,0.952112,0.930465,,,,,-0.003386,
6650,0.950416,0.948726,0.952112,0.930465,,,,,-0.003386,
6660,0.950468,0.948731,0.952211,0.930534,,,,,-0.00348,
6670,0.950468,0.948731,0.952211,0.930534,,,,,-0.00348,
6680,0.950468,0.948731,0.952211,0.930534,,,,,-0.00348,
6690,0.950468,0.948731,0.952211,0.930534,,,,,-0.00348,
6700,0.950468,0.948731,0.952211,0.930534,,,,,-0.00348,
6710,0.950468,0.948731,0.952211,0.930534,,,,,-0.00348,
6720,0.950468,0.948731,0.952211,0.930534,,,,,-0.00348,
6730,0.950468,0.948731,0.952211,0.930534,,,,,-0.00348,
6740,0.950468,0.948731,0.952211,0.930534,,,,,-0.00348,
6750,0.950468,0.948731,0.952211,0.930534,,,,,-0.00348,
6760,0.950468,0.948731,0.952211,0.930534,,,,,-0.00348,
6770,0.950468,0.948731,0.952211,0.930534,,,,,-0.00348,
6780,0.950468,0.948731,0.952211,0.930534,,,,,-0.00348,
6790,0.950468,0.948731,0.952211,0.930534,,,,,-0.00348,
6800,0.950468,0.948731,0.952211,0.930534,,,,,-0.00348,
6810,0.950468,0.948731,0.952211,0.930534,,,,,-0.00348,
6820,0.950468,0.948731,0.952211,0.930534,,,,,-0.00348,
6830,0.950468,0.948731,0.952211,0.930534,,,,,-0.00348,
6840,0.950468,0.948731,0.952211,0.930534,,,,,-0.00348,
6850,0.950421,0.948637,0.952211,0.930465,,,,,-0.003574,
6860,0.950421,0.948637,0.952211,0.930465,,,,,-0.003574,
6870,0.950421,0.948637,0.952211,0.930465,,,,,-0.003574,
6880,0.950421,0.948637,0.952211,0.930465,,,,,-0.003574,
6890,0.950421,0.948637,0.952211,0.930465,,,,,-0.003574,
6900,0.950421,0.948637,0.952211,0.930465,,,,,-0.003574,
6910,0.950421,0.948637,0.952211,0.930465,,,,,-0.003574,
6920,0.950421,0.948637,0.952211,0.930465,,,,,-0.003574,
6930,0.950421,0.948637,0.952211,0.930465,,,,,-0.003574,
6940,0.950421,0.948637,0.952211,0.930465,,,,,-0.003574,
6950,0.950421,0.948637,0.952211,0.930465,,,,,-0.003574,
6960,0.950421,0.948637,0.952211,0.930465,,,,,-0.003574,
6970,0.950421,0.948637,0.952211,0.930465,,,,,-0.003574,
6980,0.950421,0.948637,0.952211,0.930465,,,,,-0.003574,
6990,0.950421,0.948637,0.952211,0.930465,,,,,-0.003574,
7000,0.950374,0.948543,0.952211,0.930396,,,,,-0.003668,
7010,0.950374,0.948543,0.952211,0.930396,,,,,-0.003668,
7020,0.950374,0.948543,0.952211,0.930396,,,,,-0.003668,
7030,0.950374,0.948543,0.952211,0.930396,,,,,-0.003668,
7040,0.950374,0.948543,0.952211,0.930396,,,,,-0.003668,
7050,0.950374,0.948543,0.952211,0.930396,,,,,-0.003668,
7060,0.950374,0.948543,0.952211,0.930396,,,,,-0.003668,
7070,0.950374,0.948543,0.952211,0.930396,,,,,-0.003668,
7080,0.950374,0.948543,0.952211,0.930396,,,,,-0.003668,
7090,0.950374,0.948543,0.952211,0.930396,,,,,-0.003668,
7100,0.950374,0.948543,0.952211,0.930396,,,,,-0.003668,
7110,0.950374,0.948543,0.952211,0.930396,,,,,-0.003668,
7120,0.950374,0.948543,0.952211,0.930396,,,,,-0.003668,
7130,0.950374,0.948543,0.952211,0.930396,,,,,-0.003668,
7140,0.950374,0.948543,0.952211,0.930396,,,,,-0.003668,
7150,0.950374,0.948543,0.952211,0.930396,,,,,-0.003668,
7160,0.950374,0.948543,0.952211,0.930396,,,,,-0.003668,
7170,0.950425,0.948548,0.95231,0.930465,,,,,-0.003762,
7180,0.950425,0.948548,0.95231,0.930465,,,,,-0.003762,
7190,0.950425,0.948548,0.95231,0.930465,,,,,-0.003762,
7200,0.950425,0.948548,0.95231,0.930465,,,,,-0.003762,
7210,0.950425,0.948548,0.95231,0.930465,,,,,-0.003762,
7220,0.950425,0.948548,0.95231,0.930465,,,,,-0.003762,
7230,0.950425,0.948548,0.95231,0.930465,,,,,-0.003762,
7240,0.950425,0.948548,0.95231,0.930465,,,,,-0.003762,
7250,0.950425,0.948548,0.95231,0.930465,,,,,-0.003762,
7260,0.950425,0.948548,0.95231,0.930465,,,,,-0.003762,
7270,0.950477,0.948553,0.952409,0.930534,,,,,-0.003856,
7280,0.950477,0.948553,0.952409,0.930534,,,,,-0.003856,
7290,0.950477,0.948553,0.952409,0.930534,,,,,-0.003856,
7300,0.950477,0.948553,0.952409,0.930534,,,,,-0.003856,
7310,0.950477,0.948553,0.952409,0.930534,,,,,-0.003856,
7320,0.950477,0.948553,0.952409,0.930534,,,,,-0.003856,
7330,0.950477,0.948553,0.952409,0.930534,,,,,-0.003856,
7340,0.950477,0.948553,0.952409,0.930534,,,,,-0.003856,
7350,0.950477,0.948553,0.952409,0.930534,,,,,-0.003856,
7360,0.950477,0.948553,0.952409,0.930534,,,,,-0.003856,
7370,0.950477,0.948553,0.952409,0.930534,,,,,-0.003856,
7380,0.950477,0.948553,0.952409,0.930534,,,,,-0.003856,
7390,0.950477,0.948553,0.952409,0.930534,,,,,-0.003856,
7400,0.950477,0.948553,0.952409,0.930534,,,,,-0.003856,
7410,0.95043,0.94846,0.952409,0.930465,,,,,-0.003949,
7420,0.95043,0.94846,0.952409,0.930465,,,,,-0.003949,
7430,0.950482,0.948465,0.952508,0.930534,,,,,-0.004043,
7440,0.950482,0.948465,0.952508,0.930534,,,,,-0.004043,
7450,0.950482,0.948465,0.952508,0.930534,,,,,-0.004043,
7460,0.950482,0.948465,0.952508,0.930534,,,,,-0.004043,
7470,0.950534,0.94847,0.952608,0.930604,,,,,-0.004138,
7480,0.950534,0.94847,0.952608,0.930604,,,,,-0.004138,
7490,0.950534,0.94847,0.952608,0.930604,,,,,-0.004138,
7500,0.950534,0.94847,0.952608,0.930604,,,,,-0.004138,
7510,0.950487,0.948376,0.952608,0.930534,,,,,-0.004232,
7520,0.950487,0.948376,0.952608,0.930534,,,,,-0.004232,
7530,0.950487,0.948376,0.952608,0.930534,,,,,-0.004232,
7540,0.950487,0.948376,0.952608,0.930534,,,,,-0.004232,
7550,0.950487,0.948376,0.952608,0.930534,,,,,-0.004232,
7560,0.950487,0.948376,0.952608,0.930534,,,,,-0.004232,
7570,0.950487,0.948376,0.952608,0.930534,,,,,-0.004232,
7580,0.950487,0.948376,0.952608,0.930534,,,,,-0.004232,
7590,0.950487,0.948376,0.952608,0.930534,,,,,-0.004232,
7600,0.950487,0.948376,0.952608,0.930534,,,,,-0.004232,
7610,0.950487,0.948376,0.952608,0.930534,,,,,-0.004232,
7620,0.950487,0.948376,0.952608,0.930534,,,,,-0.004232,
7630,0.950487,0.948376,0.952608,0.930534,,,,,-0.004232,
7640,0.950487,0.948376,0.952608,0.930534,,,,,-0.004232,
7650,0.950487,0.948376,0.952608,0.930534,,,,,-0.004232,
7660,0.950487,0.948376,0.952608,0.930534,,,,,-0.004232,
7670,0.950487,0.948376,0.952608,0.930534,,,,,-0.004232,
7680,0.950487,0.948376,0.952608,0.930534,,,,,-0.004232,
7690,0.950487,0.948376,0.952608,0.930534,,,,,-0.004232,
7700,0.950487,0.948376,0.952608,0.930534,,,,,-0.004232,
7710,0.950487,0.948376,0.952608,0.930534,,,,,-0.004232,
7720,0.950487,0.948376,0.952608,0.930534,,,,,-0.004232,
7730,0.950487,0.948376,0.952608,0.930534,,,,,-0.004232,
7740,0.950487,0.948376,0.952608,0.930534,,,,,-0.004232,
7750,0.950487,0.948376,0.952608,0.930534,,,,,-0.004232,
7760,0.950539,0.948381,0.952707,0.930604,,,,,-0.004326,
7770,0.950539,0.948381,0.952707,0.930604,,,,,-0.004326,
7780,0.950539,0.948381,0.952707,0.930604,,,,,-0.004326,
7790,0.950539,0.948381,0.952707,0.930604,,,,,-0.004326,
7800,0.950539,0.948381,0.952707,0.930604,,,,,-0.004326,
7810,0.950539,0.948381,0.952707,0.930604,,,,,-0.004326,
7820,0.950539,0.948381,0.952707,0.930604,,,,,-0.004326,
7830,0.950539,0.948381,0.952707,0.930604,,,,,-0.004326,
7840,0.950539,0.948381,0.952707,0.930604,,,,,-0.004326,
7850,0.950539,0.948381,0.952707,0.930604,,,,,-0.004326,
7860,0.950539,0.948381,0.952707,0.930604,,,,,-0.004326,
7870,0.950539,0.948381,0.952707,0.930604,,,,,-0.004326,
7880,0.950539,0.948381,0.952707,0.930604,,,,,-0.004326,
7890,0.950539,0.948381,0.952707,0.930604,,,,,-0.004326,
7900,0.950539,0.948381,0.952707,0.930604,,,,,-0.004326,
7910,0.950539,0.948381,0.952707,0.930604,,,,,-0.004326,
7920,0.950539,0.948381,0.952707,0.930604,,,,,-0.004326,
7930,0.950539,0.948381,0.952707,0.930604,,,,,-0.004326,
7940,0.950539,0.948381,0.952707,0.930604,,,,,-0.004326,
7950,0.950539,0.948381,0.952707,0.930604,,,,,-0.004326,
7960,0.950539,0.948381,0.952707,0.930604,,,,,-0.004326,
7970,0.950539,0.948381,0.952707,0.930604,,,,,-0.004326,
7980,0.950492,0.948288,0.952707,0.930534,,,,,-0.004419,
7990,0.950492,0.948288,0.952707,0.930534,,,,,-0.004419,
8000,0.950492,0.948288,0.952707,0.930534,,,,,-0.004419,
8010,0.950492,0.948288,0.952707,0.930534,,,,,-0.004419,
8020,0.950492,0.948288,0.952707,0.930534,,,,,-0.004419,
8030,0.950492,0.948288,0.952707,0.930534,,,,,-0.004419,
8040,0.950492,0.948288,0.952707,0.930534,,,,,-0.004419,
8050,0.950492,0.948288,0.952707,0.930534,,,,,-0.004419,
8060,0.950492,0.948288,0.952707,0.930534,,,,,-0.004419,
8070,0.950492,0.948288,0.952707,0.930534,,,,,-0.004419,
8080,0.950492,0.948288,0.952707,0.930534,,,,,-0.004419,
8090,0.950492,0.948288,0.952707,0.930534,,,,,-0.004419,
8100,0.950492,0.948288,0.952707,0.930534,,,,,-0.004419,
8110,0.950492,0.948288,0.952707,0.930534,,,,,-0.004419,
8120,0.950492,0.948288,0.952707,0.930534,,,,,-0.004419,
8130,0.950492,0.948288,0.952707,0.930534,,,,,-0.004419,
8140,0.950492,0.948288,0.952707,0.930534,,,,,-0.004419,
8150,0.950492,0.948288,0.952707,0.930534,,,,,-0.004419,
8160,0.950492,0.948288,0.952707,0.930534,,,,,-0.004419,
8170,0.950492,0.948288,0.952707,0.930534,,,,,-0.004419,
8180,0.950492,0.948288,0.952707,0.930534,,,,,-0.004419,
8190,0.950492,0.948288,0.952707,0.930534,,,,,-0.004419,
8200,0.950492,0.948288,0.952707,0.930534,,,,,-0.004419,
8210,0.950492,0.948288,0.952707,0.930534,,,,,-0.004419,
8220,0.950492,0.948288,0.952707,0.930534,,,,,-0.004419,
8230,0.950492,0.948288,0.952707,0.930534,,,,,-0.004419,
8240,0.950492,0.948288,0.952707,0.930534,,,,,-0.004419,
8250,0.950544,0.948293,0.952806,0.930604,,,,,-0.004513,
8260,0.950544,0.948293,0.952806,0.930604,,,,,-0.004513,
8270,0.950544,0.948293,0.952806,0.930604,,,,,-0.004513,
8280,0.950596,0.948298,0.952905,0.930673,,,,,-0.004607,
8290,0.950596,0.948298,0.952905,0.930673,,,,,-0.004607,
8300,0.950596,0.948298,0.952905,0.930673,,,,,-0.004607,
8310,0.950648,0.948303,0.953004,0.930743,,,,,-0.004701,
8320,0.950648,0.948303,0.953004,0.930743,,,,,-0.004701,
8330,0.950648,0.948303,0.953004,0.930743,,,,,-0.004701,
8340,0.950648,0.948303,0.953004,0.930743,,,,,-0.004701,
8350,0.950648,0.948303,0.953004,0.930743,,,,,-0.004701,
8360,0.950648,0.948303,0.953004,0.930743,,,,,-0.004701,
8370,0.950648,0.948303,0.953004,0.930743,,,,,-0.004701,
8380,0.950648,0.948303,0.953004,0.930743,,,,,-0.004701,
8390,0.950648,0.948303,0.953004,0.930743,,,,,-0.004701,
8400,0.950648,0.948303,0.953004,0.930743,,,,,-0.004701,
8410,0.950648,0.948303,0.953004,0.930743,,,,,-0.004701,
8420,0.950648,0.948303,0.953004,0.930743,,,,,-0.004701,
8430,0.950648,0.948303,0.953004,0.930743,,,,,-0.004701,
8440,0.950648,0.948303,0.953004,0.930743,,,,,-0.004701,
8450,0.950648,0.948303,0.953004,0.930743,,,,,-0.004701,
8460,0.950648,0.948303,0.953004,0.930743,,,,,-0.004701,
8470,0.950648,0.948303,0.953004,0.930743,,,,,-0.004701,
8480,0.950648,0.948303,0.953004,0.930743,,,,,-0.004701,
8490,0.950648,0.948303,0.953004,0.930743,,,,,-0.004701,
8500,0.950648,0.948303,0.953004,0.930743,,,,,-0.004701,
8510,0.9507,0.948308,0.953103,0.930812,,,,,-0.004795,
8520,0.9507,0.948308,0.953103,0.930812,,,,,-0.004795,
8530,0.9507,0.948308,0.953103,0.930812,,,,,-0.004795,
8540,0.9507,0.948308,0.953103,0.930812,,,,,-0.004795,
8550,0.9507,0.948308,0.953103,0.930812,,,,,-0.004795,
8560,0.9507,0.948308,0.953103,0.930812,,,,,-0.004795,
8570,0.9507,0.948308,0.953103,0.930812,,,,,-0.004795,
8580,0.9507,0.948308,0.953103,0.930812,,,,,-0.004795,
8590,0.9507,0.948308,0.953103,0.930812,,,,,-0.004795,
8600,0.9507,0.948308,0.953103,0.930812,,,,,-0.004795,
8610,0.9507,0.948308,0.953103,0.930812,,,,,-0.004795,
8620,0.9507,0.948308,0.953103,0.930812,,,,,-0.004795,
8630,0.9507,0.948308,0.953103,0.930812,,,,,-0.004795,
8640,0.9507,0.948308,0.953103,0.930812,,,,,-0.004795,
8650,0.9507,0.948308,0.953103,0.930812,,,,,-0.004795,
8660,0.9507,0.948308,0.953103,0.930812,,,,,-0.004795,
8670,0.9507,0.948308,0.953103,0.930812,,,,,-0.004795,
8680,0.9507,0.948308,0.953103,0.930812,,,,,-0.004795,
8690,0.9507,0.948308,0.953103,0.930812,,,,,-0.004795,
8700,0.9507,0.948308,0.953103,0.930812,,,,,-0.004795,
8710,0.9507,0.948308,0.953103,0.930812,,,,,-0.004795,
8720,0.9507,0.948308,0.953103,0.930812,,,,,-0.004795,
8730,0.9507,0.948308,0.953103,0.930812,,,,,-0.004795,
8740,0.9507,0.948308,0.953103,0.930812,,,,,-0.004795,
8750,0.9507,0.948308,0.953103,0.930812,,,,,-0.004795,
8760,0.9507,0.948308,0.953103,0.930812,,,,,-0.004795,
8770,0.9507,0.948308,0.953103,0.930812,,,,,-0.004795,
8780,0.9507,0.948308,0.953103,0.930812,,,,,-0.004795,
8790,0.9507,0.948308,0.953103,0.930812,,,,,-0.004795,
8800,0.9507,0.948308,0.953103,0.930812,,,,,-0.004795,
8810,0.9507,0.948308,0.953103,0.930812,,,,,-0.004795,
8820,0.9507,0.948308,0.953103,0.930812,,,,,-0.004795,
8830,0.9507,0.948308,0.953103,0.930812,,,,,-0.004795,
8840,0.9507,0.948308,0.953103,0.930812,,,,,-0.004795,
8850,0.9507,0.948308,0.953103,0.930812,,,,,-0.004795,
8860,0.9507,0.948308,0.953103,0.930812,,,,,-0.004795,
8870,0.9507,0.948308,0.953103,0.930812,,,,,-0.004795,
8880,0.9507,0.948308,0.953103,0.930812,,,,,-0.004795,
8890,0.9507,0.948308,0.953103,0.930812,,,,,-0.004795,
8900,0.9507,0.948308,0.953103,0.930812,,,,,-0.004795,
8910,0.9507,0.948308,0.953103,0.930812,,,,,-0.004795,
8920,0.9507,0.948308,0.953103,0.930812,,,,,-0.004795,
8930,0.9507,0.948308,0.953103,0.930812,,,,,-0.004795,
8940,0.9507,0.948308,0.953103,0.930812,,,,,-0.004795,
8950,0.9507,0.948308,0.953103,0.930812,,,,,-0.004795,
8960,0.9507,0.948308,0.953103,0.930812,,,,,-0.004795,
8970,0.9507,0.948308,0.953103,0.930812,,,,,-0.004795,
8980,0.9507,0.948308,0.953103,0.930812,,,,,-0.004795,
8990,0.9507,0.948308,0.953103,0.930812,,,,,-0.004795,
9000,0.9507,0.948308,0.953103,0.930812,,,,,-0.004795,
9010,0.950653,0.948215,0.953103,0.930743,,,,,-0.004888,
9020,0.950653,0.948215,0.953103,0.930743,,,,,-0.004888,
9030,0.950653,0.948215,0.953103,0.930743,,,,,-0.004888,
9040,0.950653,0.948215,0.953103,0.930743,,,,,-0.004888,
9050,0.950653,0.948215,0.953103,0.930743,,,,,-0.004888,
9060,0.950653,0.948215,0.953103,0.930743,,,,,-0.004888,
9070,0.950653,0.948215,0.953103,0.930743,,,,,-0.004888,
9080,0.950653,0.948215,0.953103,0.930743,,,,,-0.004888,
9090,0.950653,0.948215,0.953103,0.930743,,,,,-0.004888,
9100,0.950653,0.948215,0.953103,0.930743,,,,,-0.004888,
9110,0.950653,0.948215,0.953103,0.930743,,,,,-0.004888,
9120,0.950653,0.948215,0.953103,0.930743,,,,,-0.004888,
9130,0.950653,0.948215,0.953103,0.930743,,,,,-0.004888,
9140,0.950653,0.948215,0.953103,0.930743,,,,,-0.004888,
9150,0.950653,0.948215,0.953103,0.930743,,,,,-0.004888,
9160,0.950653,0.948215,0.953103,0.930743,,,,,-0.004888,
9170,0.950653,0.948215,0.953103,0.930743,,,,,-0.004888,
9180,0.950653,0.948215,0.953103,0.930743,,,,,-0.004888,
9190,0.950653,0.948215,0.953103,0.930743,,,,,-0.004888,
9200,0.950653,0.948215,0.953103,0.930743,,,,,-0.004888,
9210,0.950653,0.948215,0.953103,0.930743,,,,,-0.004888,
9220,0.950653,0.948215,0.953103,0.930743,,,,,-0.004888,
9230,0.950653,0.948215,0.953103,0.930743,,,,,-0.004888,
9240,0.950705,0.94822,0.953202,0.930812,,,,,-0.004982,
9250,0.950705,0.94822,0.953202,0.930812,,,,,-0.004982,
9260,0.950705,0.94822,0.953202,0.930812,,,,,-0.004982,
9270,0.950705,0.94822,0.953202,0.930812,,,,,-0.004982,
9280,0.950705,0.94822,0.953202,0.930812,,,,,-0.004982,
9290,0.950705,0.94822,0.953202,0.930812,,,,,-0.004982,
9300,0.950705,0.94822,0.953202,0.930812,,,,,-0.004982,
9310,0.950705,0.94822,0.953202,0.930812,,,,,-0.004982,
9320,0.950756,0.948225,0.953302,0.930881,,,,,-0.005077,
9330,0.950756,0.948225,0.953302,0.930881,,,,,-0.005077,
9340,0.950709,0.948131,0.953302,0.930812,,,,,-0.005171,
9350,0.950761,0.948136,0.953401,0.930881,,,,,-0.005265,
9360,0.950714,0.948043,0.953401,0.930812,,,,,-0.005358,
9370,0.950714,0.948043,0.953401,0.930812,,,,,-0.005358,
9380,0.950714,0.948043,0.953401,0.930812,,,,,-0.005358,
9390,0.950714,0.948043,0.953401,0.930812,,,,,-0.005358,
9400,0.950714,0.948043,0.953401,0.930812,,,,,-0.005358,
9410,0.950714,0.948043,0.953401,0.930812,,,,,-0.005358,
9420,0.950714,0.948043,0.953401,0.930812,,,,,-0.005358,
9430,0.950714,0.948043,0.953401,0.930812,,,,,-0.005358,
9440,0.950714,0.948043,0.953401,0.930812,,,,,-0.005358,
9450,0.950714,0.948043,0.953401,0.930812,,,,,-0.005358,
9460,0.950714,0.948043,0.953401,0.930812,,,,,-0.005358,
9470,0.950714,0.948043,0.953401,0.930812,,,,,-0.005358,
9480,0.950714,0.948043,0.953401,0.930812,,,,,-0.005358,
9490,0.950667,0.94795,0.953401,0.930743,,,,,-0.005451,
9500,0.950667,0.94795,0.953401,0.930743,,,,,-0.005451,
9510,0.950667,0.94795,0.953401,0.930743,,,,,-0.005451,
9520,0.950667,0.94795,0.953401,0.930743,,,,,-0.005451,
9530,0.950667,0.94795,0.953401,0.930743,,,,,-0.005451,
9540,0.950667,0.94795,0.953401,0.930743,,,,,-0.005451,
9550,0.950667,0.94795,0.953401,0.930743,,,,,-0.005451,
9560,0.950719,0.947955,0.9535,0.930812,,,,,-0.005545,
9570,0.950719,0.947955,0.9535,0.930812,,,,,-0.005545,
9580,0.950719,0.947955,0.9535,0.930812,,,,,-0.005545,
9590,0.950719,0.947955,0.9535,0.930812,,,,,-0.005545,
9600,0.950719,0.947955,0.9535,0.930812,,,,,-0.005545,
9610,0.950719,0.947955,0.9535,0.930812,,,,,-0.005545,
9620,0.950719,0.947955,0.9535,0.930812,,,,,-0.005545,
9630,0.950719,0.947955,0.9535,0.930812,,,,,-0.005545,
9640,0.950719,0.947955,0.9535,0.930812,,,,,-0.005545,
9650,0.950719,0.947955,0.9535,0.930812,,,,,-0.005545,
9660,0.950719,0.947955,0.9535,0.930812,,,,,-0.005545,
9670,0.950719,0.947955,0.9535,0.930812,,,,,-0.005545,
9680,0.950719,0.947955,0.9535,0.930812,,,,,-0.005545,
9690,0.950719,0.947955,0.9535,0.930812,,,,,-0.005545,
9700,0.950719,0.947955,0.9535,0.930812,,,,,-0.005545,
9710,0.950719,0.947955,0.9535,0.930812,,,,,-0.005545,
9720,0.950719,0.947955,0.9535,0.930812,,,,,-0.005545,
9730,0.950719,0.947955,0.9535,0.930812,,,,,-0.005545,
9740,0.950719,0.947955,0.9535,0.930812,,,,,-0.005545,
9750,0.950719,0.947955,0.9535,0.930812,,,,,-0.005545,
9760,0.950719,0.947955,0.9535,0.930812,,,,,-0.005545,
9770,0.950719,0.947955,0.9535,0.930812,,,,,-0.005545,
9780,0.950719,0.947955,0.9535,0.930812,,,,,-0.005545,
9790,0.950719,0.947955,0.9535,0.930812,,,,,-0.005545,
9800,0.950719,0.947955,0.9535,0.930812,,,,,-0.005545,
9810,0.950719,0.947955,0.9535,0.930812,,,,,-0.005545,
9820,0.950719,0.947955,0.9535,0.930812,,,,,-0.005545,
9830,0.950719,0.947955,0.9535,0.930812,,,,,-0.005545,
9840,0.950719,0.947955,0.9535,0.930812,,,,,-0.005545,
9850,0.950719,0.947955,0.9535,0.930812,,,,,-0.005545,
9860,0.950719,0.947955,0.9535,0.930812,,,,,-0.005545,
9870,0.950719,0.947955,0.9535,0.930812,,,,,-0.005545,
9880,0.950719,0.947955,0.9535,0.930812,,,,,-0.005545,
9890,0.950719,0.947955,0.9535,0.930812,,,,,-0.005545,
9900,0.950719,0.947955,0.9535,0.930812,,,,,-0.005545,
9910,0.950719,0.947955,0.9535,0.930812,,,,,-0.005545,
9920,0.950719,0.947955,0.9535,0.930812,,,,,-0.005545,
9930,0.950719,0.947955,0.9535,0.930812,,,,,-0.005545,
9940,0.950719,0.947955,0.9535,0.930812,,,,,-0.005545,
9950,0.950719,0.947955,0.9535,0.930812,,,,,-0.005545,
9960,0.950719,0.947955,0.9535,0.930812,,,,,-0.005545,
9970,0.950719,0.947955,0.9535,0.930812,,,,,-0.005545,
9980,0.950719,0.947955,0.9535,0.930812,,,,,-0.005545,
9990,0.950719,0.947955,0.9535,0.930812,,,,,-0.005545,
10000,0.950719,0.947955,0.9535,0.930812,,,,,-0.005545,
10010,0.950672,0.947861,0.9535,0.930743,,,,,-0.005639,
10020,0.950724,0.947866,0.953599,0.930812,,,,,-0.005733,
10030,0.950672,0.947861,0.9535,0.930743,,,,,-0.005639,
10040,0.950672,0.947861,0.9535,0.930743,,,,,-0.005639,
10050,0.950615,0.947944,0.953302,0.930673,,,,,-0.005358,
10060,0.950564,0.947939,0.953202,0.930604,,,,,-0.005263,
10070,0.950512,0.947934,0.953103,0.930534,,,,,-0.005169,
10080,0.950366,0.947742,0.953004,0.930326,,,,,-0.005262,
10090,0.950314,0.947737,0.952905,0.930257,,,,,-0.005168,
10100,0.950319,0.947649,0.953004,0.930257,,,,,-0.005355,
10110,0.950314,0.947737,0.952905,0.930257,,,,,-0.005168,
10120,0.950267,0.947643,0.952905,0.930187,,,,,-0.005262,
10130,0.950267,0.947643,0.952905,0.930187,,,,,-0.005262,
10140,0.950267,0.947643,0.952905,0.930187,,,,,-0.005262,
10150,0.95023,0.947374,0.953103,0.930118,,,,,-0.005729,
10160,0.950131,0.947275,0.953004,0.929979,,,,,-0.005729,
10170,0.950084,0.947182,0.953004,0.92991,,,,,-0.005822,
10180,0.950089,0.947094,0.953103,0.92991,,,,,-0.006009,
10190,0.950042,0.947,0.953103,0.92984,,,,,-0.006103,
10200,0.950084,0.947182,0.953004,0.92991,,,,,-0.005822,
10210,0.949985,0.947083,0.952905,0.929771,,,,,-0.005822,
10220,0.94998,0.947171,0.952806,0.929771,,,,,-0.005635,
10230,0.949876,0.947161,0.952608,0.929632,,,,,-0.005447,
10240,0.949829,0.947068,0.952608,0.929563,,,,,-0.00554,
10250,0.949834,0.946979,0.952707,0.929563,,,,,-0.005728,
10260,0.949881,0.947073,0.952707,0.929632,,,,,-0.005634,
10270,0.949834,0.946979,0.952707,0.929563,,,,,-0.005728,
10280,0.949787,0.946886,0.952707,0.929493,,,,,-0.005821,
10290,0.949787,0.946886,0.952707,0.929493,,,,,-0.005821,
10300,0.949736,0.946881,0.952608,0.929424,,,,,-0.005727,
10310,0.94958,0.946865,0.95231,0.929216,,,,,-0.005445,
10320,0.949533,0.946772,0.95231,0.929146,,,,,-0.005538,
10330,0.949481,0.946767,0.952211,0.929077,,,,,-0.005444,
10340,0.949382,0.946668,0.952112,0.928938,,,,,-0.005444,
10350,0.949335,0.946575,0.952112,0.928869,,,,,-0.005537,
10360,0.949387,0.94658,0.952211,0.928938,,,,,-0.005631,
10370,0.949387,0.94658,0.952211,0.928938,,,,,-0.005631,
10380,0.949142,0.94629,0.952013,0.928591,,,,,-0.005723,
10390,0.949241,0.946388,0.952112,0.92873,,,,,-0.005724,
10400,0.949241,0.946388,0.952112,0.92873,,,,,-0.005724,
10410,0.949246,0.9463,0.952211,0.92873,,,,,-0.005911,
10420,0.949246,0.9463,0.952211,0.92873,,,,,-0.005911,
10430,0.949298,0.946305,0.95231,0.928799,,,,,-0.006005,
10440,0.949303,0.946217,0.952409,0.928799,,,,,-0.006192,
10450,0.949251,0.946212,0.95231,0.92873,,,,,-0.006098,
10460,0.949209,0.946031,0.952409,0.928661,,,,,-0.006378,
10470,0.949261,0.946036,0.952508,0.92873,,,,,-0.006472,
10480,0.94922,0.945855,0.952608,0.928661,,,,,-0.006753,
10490,0.949225,0.945768,0.952707,0.928661,,,,,-0.006939,
10500,0.949173,0.945762,0.952608,0.928591,,,,,-0.006846,
10510,0.949121,0.945757,0.952508,0.928522,,,,,-0.006751,
10520,0.949017,0.945746,0.95231,0.928383,,,,,-0.006564,
10530,0.949017,0.945746,0.95231,0.928383,,,,,-0.006564,
10540,0.949017,0.945746,0.95231,0.928383,,,,,-0.006564,
10550,0.948814,0.945637,0.952013,0.928105,,,,,-0.006376,
10560,0.948861,0.94573,0.952013,0.928175,,,,,-0.006283,
10570,0.948918,0.945648,0.952211,0.928244,,,,,-0.006563,
10580,0.948731,0.945276,0.952211,0.927967,,,,,-0.006935,
10590,0.948684,0.945183,0.952211,0.927897,,,,,-0.007028,
10600,0.948684,0.945183,0.952211,0.927897,,,,,-0.007028,
10610,0.948543,0.944904,0.952211,0.927689,,,,,-0.007307,
10620,0.948496,0.944811,0.952211,0.92762,,,,,-0.0074,
10630,0.948444,0.944805,0.952112,0.92755,,,,,-0.007307,
10640,0.948393,0.9448,0.952013,0.927481,,,,,-0.007213,
10650,0.948346,0.944707,0.952013,0.927412,,,,,-0.007306,
10660,0.948439,0.944893,0.952013,0.92755,,,,,-0.00712,
10670,0.948491,0.944898,0.952112,0.92762,,,,,-0.007214,
10680,0.948491,0.944898,0.952112,0.92762,,,,,-0.007214,
10690,0.948393,0.9448,0.952013,0.927481,,,,,-0.007213,
10700,0.948346,0.944707,0.952013,0.927412,,,,,-0.007306,
10710,0.948393,0.9448,0.952013,0.927481,,,,,-0.007213,
10720,0.948595,0.944909,0.95231,0.927759,,,,,-0.007401,
10730,0.948595,0.944909,0.95231,0.927759,,,,,-0.007401,
10740,0.948346,0.944707,0.952013,0.927412,,,,,-0.007306,
10750,0.948294,0.944701,0.951914,0.927342,,,,,-0.007213,
10760,0.9482,0.944515,0.951914,0.927203,,,,,-0.007399,
10770,0.948153,0.944423,0.951914,0.927134,,,,,-0.007491,
10780,0.948106,0.94433,0.951914,0.927065,,,,,-0.007584,
10790,0.947961,0.944138,0.951814,0.926856,,,,,-0.007676,
10800,0.947722,0.943762,0.951715,0.926509,,,,,-0.007953,
10810,0.947675,0.943669,0.951715,0.92644,,,,,-0.008046,
10820,0.947628,0.943576,0.951715,0.926371,,,,,-0.008139,
10830,0.947628,0.943576,0.951715,0.926371,,,,,-0.008139,
10840,0.947576,0.943571,0.951616,0.926301,,,,,-0.008045,
10850,0.947426,0.943467,0.951418,0.926093,,,,,-0.007951,
10860,0.947374,0.943461,0.951319,0.926024,,,,,-0.007858,
10870,0.947374,0.943461,0.951319,0.926024,,,,,-0.007858,
10880,0.947374,0.943461,0.951319,0.926024,,,,,-0.007858,
10890,0.947374,0.943461,0.951319,0.926024,,,,,-0.007858,
10900,0.947374,0.943461,0.951319,0.926024,,,,,-0.007858,
10910,0.947374,0.943461,0.951319,0.926024,,,,,-0.007858,
10920,0.947374,0.943461,0.951319,0.926024,,,,,-0.007858,
10930,0.947374,0.943461,0.951319,0.926024,,,,,-0.007858,
10940,0.947327,0.943368,0.951319,0.925954,,,,,-0.007951,
10950,0.947233,0.943183,0.951319,0.925815,,,,,-0.008136,
10960,0.947233,0.943183,0.951319,0.925815,,,,,-0.008136,
10970,0.947187,0.94309,0.951319,0.925746,,,,,-0.008229,
10980,0.947187,0.94309,0.951319,0.925746,,,,,-0.008229,
10990,0.947187,0.94309,0.951319,0.925746,,,,,-0.008229,
11000,0.94714,0.942998,0.951319,0.925677,,,,,-0.008321,
11010,0.947093,0.942905,0.951319,0.925607,,,,,-0.008414,
11020,0.947093,0.942905,0.951319,0.925607,,,,,-0.008414,
11030,0.947041,0.942899,0.95122,0.925538,,,,,-0.008321,
11040,0.947041,0.942899,0.95122,0.925538,,,,,-0.008321,
11050,0.946937,0.942888,0.951021,0.925399,,,,,-0.008133,
11060,0.946937,0.942888,0.951021,0.925399,,,,,-0.008133,
11070,0.946797,0.94261,0.951021,0.925191,,,,,-0.008411,
11080,0.946797,0.94261,0.951021,0.925191,,,,,-0.008411,
11090,0.946797,0.94261,0.951021,0.925191,,,,,-0.008411,
11100,0.946745,0.942604,0.950922,0.925121,,,,,-0.008318,
11110,0.946745,0.942604,0.950922,0.925121,,,,,-0.008318,
11120,0.946745,0.942604,0.950922,0.925121,,,,,-0.008318,
11130,0.946698,0.942512,0.950922,0.925052,,,,,-0.00841,
11140,0.946698,0.942512,0.950922,0.925052,,,,,-0.00841,
11150,0.946501,0.942315,0.950724,0.924774,,,,,-0.008409,
11160,0.946548,0.942408,0.950724,0.924844,,,,,-0.008316,
11170,0.946345,0.942298,0.950426,0.924566,,,,,-0.008128,
11180,0.946345,0.942298,0.950426,0.924566,,,,,-0.008128,
11190,0.946293,0.942293,0.950327,0.924497,,,,,-0.008034,
11200,0.946241,0.942287,0.950228,0.924427,,,,,-0.007941,
11210,0.946241,0.942287,0.950228,0.924427,,,,,-0.007941,
